Astor;Norge
Budal;Norge
Buvik;Norge
Byneset;Norge
Byåsen;Norge
Charlottenlund;Norge
Dolmøy;Norge
Vestbyen;Norge
Flatås;Norge
Freidig;Norge
Hegra;Norge
Hitra;Norge
Heimdal;Norge
Kattem;Norge
Fram;Norge
Kil/Hemne;Norge
Leik;Norge
Kvik;Norge
Levanger;Norge
Løkken;Norge
Lånke;Norge
Malvik;Norge
Meldal;Norge
Melhus;Norge
Ålen;Norge
Nardo;Norge
Nidelv;Norge
Orkanger;Norge
Orkla;Norge
Ranheim;Norge
Rindal;Norge
Romolslia;Norge
Selbu;Norge
Røros;Norge
Skaun;Norge
Singsås;Norge
Sandstad;Norge
Sjetne;Norge
Rørvik;Norge
Sokna;Norge
Stjørdals-Blink;Norge
Steinkjer;Norge
Strindheim;Norge
Sverresborg;Norge
National;Norge
Tiller;Norge
Trond;Norge
Utleira;Norge
Ajax;Nederland
Nordsjælland;Danmark
CSKA Moskva;Russland
Black Star;Ghana
Maccabi Tel Aviv;Israel
Rangers;Skottland
Chivas;Mexico
Qarabag;Azerbajdsjan
Fenerbahçe;Nederland
Dinamo Zagreb;Kroatia
Valencia;Spania
Sporting Lisbon;Portugal
Anderlecht;Belgia
Cork City;England
Wycombe Wanderers;England
Lechia Gdansk;Polen
